year,round,weather,weatherWarm,weatherCold,weatherDry,weatherWet,weatherCloudy
2009,1,Sunny with temperatures reaching up to 27 °C (81 °F)[2],1,0,0,0,0
2009,2,"Dry start, with heavy rain and thunderstorm/monsoon later",0,0,1,1,0
2009,3,Rain,0,0,0,1,0
2009,4,Sunny,1,0,0,0,0
2009,5,"Warm, Sunny",1,0,0,0,0
2009,6,Sunny,1,0,0,0,0
2009,7,Sunny,1,0,0,0,0
2009,8,"Dry, overcast",0,0,1,0,1
2009,9,Sunny and overcast,1,0,0,0,1
2009,10,Sunny25 °C (77 °F)[3],1,0,0,0,0
2009,11,Hot and dry with temperatures reaching up to 33 °C (91 °F)[1],1,0,1,0,0
2009,12,Clear but Mild,1,0,0,0,0
2009,13,Mainly sunny,1,0,0,0,0
2009,14,Hot and Dry,1,0,1,0,0
2009,15,"Sunny, Dry",1,0,1,0,0
2009,16,Partially cloudy and dry,0,0,1,0,1
2009,17,Dry,0,0,1,0,0
2008,1,"Clear, dry, air temperature of 39 °C (102 °F).",1,0,1,0,0
2008,2,"Sunny, partly cloudy",1,0,0,0,1
2008,3,Dry,0,0,1,0,0
2008,4,Sunny,1,0,0,0,0
2008,5,Sunny with temperatures reaching up to 17 °C (63 °F)[3],1,0,0,0,0
2008,6,"Wet, drying later.",0,0,1,1,0
2008,7,Hot with temperatures approaching 31 °C (88 °F); wind speeds up to 8.9 kilometres per hour (5.5 mph)[1],1,0,0,0,0
2008,8,Dry at first; light rain in the final stages,0,0,1,1,0
2008,9,"Rain, later drying",0,0,1,1,0
2008,10,"Cloudy, later sunny[1]",1,0,0,0,1
2008,11,"Sunny; Air 30–31 °C (86–88 °F), Track 40–43 °C (104–109 °F)",1,0,0,0,0
2008,12,Sunny,1,0,0,0,0
2008,13,"Cloudy, rain in last 3 laps",0,0,0,1,1
2008,14,"Heavy rain, dry towards the end",0,0,1,1,0
2008,15,"Dry, Air Temp: 28 °C (82 °F), Wind Speed: 2.2 metres per second (7.2 ft/s), Humidity: 79%",0,0,1,0,0
2008,16,Cloudy with temperatures reaching up to 17 °C (63 °F)[4],0,0,0,0,1
2008,17,Dry,0,0,1,0,0
2008,18,"Rain at beginning and end, otherwise drying",0,0,1,1,0
2007,1,Clear with temperatures reaching up to 21 °C (70 °F)[1],1,0,0,0,0
2007,2,Sunny[1],1,0,0,0,0
2007,3,"Sunny, dry, windy",1,0,1,0,0
2007,4,Sunny and warm,1,0,0,0,0
2007,5,"Cloudy, air temp 24–27 °C (75–81 °F), track temp 33–42 °C (91–108 °F)",0,0,0,0,1
2007,6,Warm with temperatures approaching 26 °C (79 °F); wind speeds up to 5.8 kilometres per hour (3.6 mph)[1],1,0,0,0,0
2007,7,Warm (33C/91F) and clear,1,0,0,0,0
2007,8,Cloudy,0,0,0,0,1
2007,9,Dry and sunny,1,0,1,0,0
2007,10,Heavy Rain on Lap 1. Drying track at restart. Light Rain before the finish.,0,0,1,1,0
2007,11,"Sunny, temperatures reaching up to 27 °C (81 °F)[4]",1,0,0,0,0
2007,12,Sunny,1,0,0,0,0
2007,13,Sunny,1,0,0,0,0
2007,14,"Partly cloudy, mild and dry",1,0,1,0,1
2007,15,Very heavy rain,0,0,0,1,0
2007,16,Intermittent light rain,0,0,0,1,0
2007,17,"37 °C (Air), 63 °C (Track)",0,0,0,0,0
2006,1,"Fine, Dry and HotAir Temp 23 °C (73 °F)[1]Track Temp 40 °C (104 °F)[1] dropping to 34 °C (93 °F)",1,0,1,0,0
2006,2,"Fine, Air Temp: 33°C, Wind Speed: 1.5 m/s, Humidity: 61%",1,0,0,0,0
2006,3,Cloudy with sunny breaks. Air temperature 20°C,1,0,0,0,1
2006,4,Sunny,1,0,0,0,0
2006,5,not found,0,0,0,0,0
2006,6,Sunny,1,0,0,0,0
2006,7,Fine,1,0,0,0,0
2006,8,Sunny,1,0,0,0,0
2006,9,Sunny and warm with temperatures reaching up to 28 °C (82 °F); wind speeds up to 4.1 kilometres per hour (2.5 mph)[1],1,0,0,0,0
2006,10,"Sunny, hot",1,0,0,0,0
2006,11,"Sunny, warm",1,0,0,0,0
2006,12,"Sunny, warm",1,0,0,0,0
2006,13,Cool and rainy with temperatures reaching up to 20 °C (68 °F)[4],0,1,0,1,0
2006,14,"Sunny, hot",1,0,0,0,0
2006,15,Warm and sunny with temperatures reaching up to 27 °C (81 °F)[1],1,0,0,0,0
2006,16,"Cloudy, wet track that progressively dried up.Rainy during the last few laps.",0,0,0,1,1
2006,17,Fine,1,0,0,0,0
2006,18,Temperatures reaching up to 23 °C (73 °F)[1],0,0,0,0,0
2005,1,"Cool, partly cloudy",0,1,0,0,1
2005,2,"Fine, Air: 34–36°C (93–97°F) and Track: 44–50°C (111–122°F)",1,0,0,0,0
2005,3,"Sunny, 42 °C (108 °F)[1]",1,0,0,0,0
2005,4,Warm and cloudy,1,0,0,0,1
2005,5,"Sunny, warm",1,0,0,0,0
2005,6,Fine,1,0,0,0,0
2005,7,"Partly cloudy, hot and dry",1,0,1,0,1
2005,8,Cloudy and hot with temperatures approaching 32.5 °C (90.5 °F)Wind speeds up to 5.1 km/h (3.2 mph)[1]Track 43–47 °C (109–117 °F),1,0,0,0,1
2005,9,"Cloudy, temperatures up to 25.0 °C (77.0 °F); wind speeds up to 17.9 km/h (11.1 mph)[4]",0,0,0,0,1
2005,10,"Sunny, Air: 32 °C (90 °F), Track 53 °C (127 °F)",1,0,0,0,0
2005,11,"Sunny, Air: 27 °C (81 °F), Track 47 °C (117 °F)",1,0,0,0,0
2005,12,"Cloudy with drizzle, but staying dry during the race. Air temp: 24°C.",0,0,1,0,1
2005,13,"Sunny, Air: 34 °C (93 °F), Track 45 °C (113 °F)",1,0,0,0,0
2005,14,Sunny; 30°C Air; 45°C Track,1,0,0,0,0
2005,15,Sunny,1,0,0,0,0
2005,16,Wet and dry,0,0,1,1,0
2005,17,"Partially cloudy and dry, Air: 23 °C (73 °F), Track 22 °C (72 °F)",0,0,1,0,1
2005,18,Partially cloudy and dry with temperatures reaching up to 25 °C (77 °F)[2],0,0,1,0,1
2005,19,Sunny,1,0,0,0,0
2004,1,Dry and cloudyAir temperature 20 °C (68 °F),0,0,1,0,1
2004,2,"Dry, light rain at the startAir Temp 34 °C (93 °F)",0,0,1,1,0
2004,3,"Warm, dry and overcast",1,0,1,0,1
2004,4,"Clear, air temp: 22°C",1,0,0,0,0
2004,5,Clear,1,0,0,0,0
2004,6,Dry and sunny,1,0,1,0,0
2004,7,"Cloudy at start, sunny later",1,0,0,0,1
2004,8,Clear and mild with temperatures approaching 25.0 °C (77.0 °F)Wind speeds up to 5.8 km/h (3.6 mph)[1]Track 35 °C (95 °F)[2],1,0,0,0,0
2004,9,Fine with temperatures reaching up to 24 °C (75 °F);Wind speeds up to 20.55 km/h (12.77 mph)[2],1,0,0,0,0
2004,10,Sunny,1,0,0,0,0
2004,11,"Cloudy, Air: 17 °C (63 °F), Track 27 °C (81 °F)[2]",0,0,0,0,1
2004,12,Sunny,1,0,0,0,0
2004,13,"Warm, dry and sunny, Air: 26 °C (79 °F), Track 42 °C (108 °F)",1,0,1,0,0
2004,14,Dry with temperatures reaching up to 15 °C (59 °F)[1],0,0,1,0,0
2004,15,"Wet track at the start, dry later on",0,0,1,1,0
2004,16,Sunny with temperatures reaching up to 27 °C (81 °F)[1],1,0,0,0,0
2004,17,Sunny,1,0,0,0,0
2004,18,Dry/Wet,0,0,1,1,0
2003,1,"Damp at beginning, dry later, cloudy, mild",1,0,1,1,1
2003,2,"Fine, air temperature 34°C (93°F)",1,0,0,0,0
2003,3,Rainy: 20 °C (68 °F),0,0,0,1,0
2003,4,Mostly cloudy with maximum ambient temperatures reaching 13 degrees during the day.,0,0,0,0,1
2003,5,Clear,1,0,0,0,0
2003,6,Mostly cloudy with isolated showers in the area,0,0,0,1,1
2003,7,"Sunny at start, cloudy later",1,0,0,0,1
2003,8,Partly cloudy and mild with temperatures reaching a maximum of 19.3 °C (66.7 °F)Wind speeds up to 12.9 km/h (8.0 mph)[1]Track 32 °C (90 °F)[2],1,0,0,0,1
2003,9,Mostly cloudy with maximum ambient temperatures reaching 25 degrees celsius during the day.,0,0,0,0,1
2003,10,"Cloudy, Air: 26 °C (79 °F), Track 35 °C (95 °F)",0,0,0,0,1
2003,11,"Sunny at start, cloudy later, Air: 24 °C (75 °F), Track 29 °C (84 °F)[1]",1,0,0,0,1
2003,12,Fine,1,0,0,0,0
2003,13,"Warm, dry and sunny, 28 °C (82 °F)",1,0,1,0,0
2003,14,Sunny,1,0,0,0,0
2003,15,Scattered showers with temperatures up to 20.6 °C (69.1 °F);Wind speeds up to 25.93 km/h (16.11 mph)[4],0,0,0,1,0
2003,16,"Cloudy, Air: 22 °C (72 °F), Track 25 °C (77 °F)",0,0,0,0,1
2002,1,"Cloudy at start, clearing to sunny skies.",1,0,0,0,1
2002,2,"Partially cloudy, hot, and dry",1,0,1,0,1
2002,3,"Clear, Air Temp: 30°C",1,0,0,0,0
2002,4,"Scattered thunderstorms, but remaining dry. Air Temp: 18°C",0,0,1,1,0
2002,5,"Clear, Air Temp: 20°C",1,0,0,0,0
2002,6,"Clear, air temperature: 20°C",1,0,0,0,0
2002,7,Fine; air temperature 22 °C (72 °F),1,0,0,0,0
2002,8,Mostly fine and humid with temperatures reaching a maximum of 24.1 °C (75.4 °F)Wind speeds up to 8 km/h (5.0 mph)[1],1,0,0,0,0
2002,9,"Mainly Fine, Air Temp: 18°C",1,0,0,0,0
2002,10,"Dry/Wet, Air Temp: 21°C",0,0,1,1,0
2002,11,"Warm and sunny, Air Temp: 25°C",1,0,0,0,0
2002,12,"Fine, Air Temp: 28°C",1,0,0,0,0
2002,13,"Partially cloudy, hot and sunny, Air Temp: 28 °C (82 °F)[4]",1,0,0,0,1
2002,14,"Cloudy, Air: 17 °C (63 °F), Track 25 °C (77 °F)[1]",0,0,0,0,1
2002,15,"Sunny, hot, dry 23°C",1,0,1,0,0
2002,16,Sunny with temperatures reaching up to 26.7 °C (80.1 °F);Wind speeds approaching a maximum of 18.70 km/h (11.62 mph)[3]Track 34 °C (93 °F),1,0,0,0,0
2002,17,"Sunny, Air: 26 °C (79 °F), Track 30 °C (86 °F)",1,0,0,0,0
2001,1,"Cloudy, sunny later",1,0,0,0,1
2001,2,"Rain and Thunderstorms at start, dry later; Air Temp at start: 32 °C (90 °F)",0,0,1,1,0
2001,3,"Dry first, rain and thunderstorms later; Air temp: 25–30 °C (77–86 °F)[1] Track 27–40 °C (81–104 °F)",0,0,1,1,0
2001,4,"Sunny. Air Temp: 14 °C (57 °F), Track 26 °C (79 °F)",1,0,0,0,0
2001,5,"Overcast, Mild, Dry, Air Temp: 18°C",1,0,1,0,1
2001,6,"Sunny, Air: 18 to 19 °C (64 to 66 °F), Track 18 to 32 °C (64 to 90 °F)",1,0,0,0,0
2001,7,"Warm and Sunny, Air Temp: 23 °C (73 °F), Track 36 to 39 °C (97 to 102 °F)",1,0,0,0,0
2001,8,Sunny,1,0,0,0,0
2001,9,"Sunny, mild, dry, Air Temp: 21°C",1,0,1,0,0
2001,10,Sunny,1,0,0,0,0
2001,11,"Partially cloudy, mild, dry, Air Temp: 16 °C (61 °F), Track 27 °C (81 °F)",1,0,1,0,1
2001,12,"Partially cloudy, very hot, dry",1,0,1,0,1
2001,13,"Hot, dry and partially cloudy",1,0,1,0,1
2001,14,"Overcast, mild, dry, Air Temp: 12 to 16 °C (54 to 61 °F)",1,0,1,0,1
2001,15,"Sunny, partly cloudy, Air: 19 to 20 °C (66 to 68 °F), Track 26 °C (79 °F)",1,0,0,0,1
2001,16,"Sunny, cool, Air: 19–22 °C (66–72 °F);Track 27–28 °C (81–82 °F)",1,1,0,0,0
2001,17,"Cloudy, mild, dry, air temp: 24°C",1,0,1,0,1
2000,1,"Sunny,[2] Air Temp: 20 °C",1,0,0,0,0
2000,2,"Sunny with some clouds, Air: 22 °C (72 °F), Track: 35 °C (95 °F)",1,0,0,0,1
2000,3,"Overcast, mild, dry; 16 °C (61 °F)",1,0,1,0,1
2000,4,"Sunny, mild, dry, Air Temp: 10 °C (50 °F)",1,0,1,0,0
2000,5,"Sunny, Mild, Dry",1,0,1,0,0
2000,6,"Dry at first, rain later on, Air: 11 °C (52 °F), Track: 12 °C (54 °F)",0,0,1,1,0
2000,7,Sunny,1,0,0,0,0
2000,8,"Cloudy and raining; Air 17 °C (63 °F),Track 21 °C (70 °F)",0,0,0,1,1
2000,9,"Sunny, dry, Air Temp: 27°C",1,0,1,0,0
2000,10,"Partially cloudy, dry",0,0,1,0,1
2000,11,Dry/Wet,0,0,1,1,0
2000,12,"Partially cloudy, very hot, dry",1,0,1,0,1
2000,13,"Wet at start, drying, Air & track temperature; 15 °C (59 °F)",0,0,1,1,0
2000,14,Sunny with temperatures reaching up to 29 °C (84 °F)[4],1,0,0,0,0
2000,15,"Cloudy, drying, Air 12 °C (54 °F);Track 14 °C (57 °F)",0,0,1,0,1
2000,16,Dry/wet,0,0,1,1,0
2000,17,"Overcast, Very hot, Dry",1,0,1,0,1
1999,1,Sunny and dry with temperatures reaching up to 19 °C (66 °F)[1],1,0,1,0,0
1999,2,"Sunny, hot, dry 25 °C (77 °F)[1]",1,0,1,0,0
1999,3,"Sunny, mild, dry, 23 °C",1,0,1,0,0
1999,4,"Sunny, hot, dry",1,0,1,0,0
1999,5,"Cloudy, hot, dry 22 °C (72 °F)[2]",1,0,1,0,1
1999,6,Hot with temperatures approaching 31.0 °C (87.8 °F)Wind speeds up to 5.1 km/h (3.2 mph)[1]Track 41–43 °C (106–109 °F),1,0,0,0,0
1999,7,"Overcast, mild, dry at first, rain later on",1,0,1,1,1
1999,8,"Sunny, mild, dry",1,0,1,0,0
1999,9,"Overcast, mild, dry",1,0,1,0,1
1999,10,"Partially cloudy, very hot, dry",1,0,1,0,1
1999,11,"Partially cloudy, hot, dry, Air: 25 °C (77 °F), Track 37 °C (99 °F)",1,0,1,0,1
1999,12,"Partially cloudy, mild, dry",1,0,1,0,1
1999,13,Hot and dry with temperatures reaching up to 30 °C (86 °F)[1],1,0,1,0,0
1999,14,Wet/Dry,0,0,1,1,0
1999,15,"Cloudy, hot, dry",1,0,1,0,1
1999,16,"Overcast, mild, dry",1,0,1,0,1
1998,1,"Clear with maximum temperatures reaching 24 degrees at the start, increasing to 30 degrees by the end of the race.",1,0,0,0,0
1998,2,"Mostly cloudy, 31 °C (88 °F)",0,0,0,0,1
1998,3,Cloudy with variable levels of dryness; temperatures reaching up to 19 °C (66 °F)[2],0,0,1,0,1
1998,4,"Sunny, 25 °C",1,0,0,0,0
1998,5,Sunny and warm,1,0,0,0,0
1998,6,Hot and sunny with temperatures reaching up to 22 °C (72 °F)[1],1,0,0,0,0
1998,7,Cool and overcast with air temperatures reaching up to 16.0 °C (60.8 °F)Wind speeds up to 2.9 km/h (1.8 mph) reported[1],0,1,0,0,1
1998,8,"Sunny, warm",1,0,0,0,0
1998,9,"Rain, Wet Track",0,0,0,1,0
1998,10,Sunny,1,0,0,0,0
1998,11,Cloudy but dry,0,0,1,0,1
1998,12,"Cloudy, hot, dry; 30 °C (86 °F)",1,0,1,0,1
1998,13,Cold and wet with rain becoming heavier,0,1,0,1,0
1998,14,Sunny,1,0,0,0,0
1998,15,"Cloudy, cold, dry",0,1,1,0,1
1998,16,Fine,1,0,0,0,0
1997,1,"Partly Cloudy, Dry",0,0,1,0,1
1997,2,Overcast and dry with temperatures reaching up to 23 °C (73 °F)[1],0,0,1,0,1
1997,3,"Partially cloudy and dry, with temperatures reaching up to 21 °C (70 °F)[1]",0,0,1,0,1
1997,4,"Cloudy, Dry, 17 °C",0,0,1,0,1
1997,5,"Overcast, cold and rain, air temperature 11 °C (52 °F)",0,1,0,1,1
1997,6,Clear,1,0,0,0,0
1997,7,Clear and mild with temperatures approaching 22.7 °C (72.9 °F)Wind speeds up to 4.1 km/h (2.5 mph)[1],1,0,0,0,0
1997,8,"Dry at first, rain in closing stages",0,0,1,1,0
1997,9,"Sunny, Dry Track",1,0,1,0,0
1997,10,"Sunny, dry track",1,0,1,0,0
1997,11,"Sunny, Dry Track, 27°C",1,0,1,0,0
1997,12,"Wet, then drying out with temperatures reaching up to 28 °C (82 °F)[2]",0,0,1,1,0
1997,13,Dry with temperatures reaching up to 29 °C (84 °F)[1],0,0,1,0,0
1997,14,Sunny,1,0,0,0,0
1997,15,"Partially cloudy, mild and dry",1,0,1,0,1
1997,16,Sunny[3],1,0,0,0,0
1997,17,Sunny with temperatures reaching up to 25 °C (77 °F)[3],1,0,0,0,0
1996,1,Dry with temperatures reaching up to 23 °C (73 °F)[1],0,0,1,0,0
1996,2,"Thunderstorm, then drying with temperatures reaching up to 24 °C (75 °F)[1]",0,0,1,1,0
1996,3,Dry with temperatures reaching up to 21 °C (70 °F)[1],0,0,1,0,0
1996,4,"Cloudy, but dry",0,0,1,0,1
1996,5,Sunny,1,0,0,0,0
1996,6,"Overcast, mild, wet at first, drying later, light rain at finish",1,0,1,1,1
1996,7,Rain,0,0,0,1,0
1996,8,Mostly sunny and warm with temperatures approaching 26 °C (79 °F)[1],1,0,0,0,0
1996,9,Dry,0,0,1,0,0
1996,10,Warm and sunny with temperatures reaching up to 25 °C (77 °F)[1],1,0,0,0,0
1996,11,"Sunny, dry",1,0,1,0,0
1996,12,Sunny with temperatures reaching up to 27 °C (81 °F)[2],1,0,0,0,0
1996,13,Overcast and dry with temperatures reaching up to 17 °C (63 °F)[2],0,0,1,0,1
1996,14,Dry,0,0,1,0,0
1996,15,Mostly sunny with ambient temperatures reaching 25 °C during the day.,1,0,0,0,0
1996,16,"Sunny, mild and dry",1,0,1,0,0
1995,1,Overcast,0,0,0,0,1
1995,2,Cloudy,0,0,0,0,1
1995,3,"Heavy rain before the start, before brightening up",0,0,0,1,0
1995,4,Sunny,1,0,0,0,0
1995,5,"Warm, sunny",1,0,0,0,0
1995,6,"Cloudy at start, sunny later with temperatures reaching up to 24.3 °C (75.7 °F)Wind speeds up to 8 km/h (5.0 mph)[1]",1,0,0,0,1
1995,7,"Cloudy, light drizzle at times",0,0,0,0,1
1995,8,"Warm, cloudy, windy",1,0,0,0,1
1995,9,"Sunny, 28 °C (82 °F)",1,0,0,0,0
1995,10,Sunny,1,0,0,0,0
1995,11,"Cloudy, then heavy rain",0,0,0,1,1
1995,12,Sunny,1,0,0,0,0
1995,13,Sunny,1,0,0,0,0
1995,14,"Rain, later dried out, air temperature 11 °C (52 °F)",0,0,0,1,0
1995,15,"Cloudy, dry",0,0,1,0,1
1995,16,"Rain, later dried out",0,0,0,1,0
1995,17,Sunny[2],1,0,0,0,0
1994,1,Sunny,1,0,0,0,0
1994,2,Sunny,1,0,0,0,0
1994,3,Sunny,1,0,0,0,0
1994,4,Sunny,1,0,0,0,0
1994,5,Sunny,1,0,0,0,0
1994,6,Temperatures approaching 26.3 °C (79.3 °F);Wind speeds up to 21 km/h (13 mph)[1],0,0,0,0,0
1994,7,Sunny,1,0,0,0,0
1994,8,Sunny,1,0,0,0,0
1994,9,Sunny,1,0,0,0,0
1994,10,Sunny,1,0,0,0,0
1994,11,Sunny,1,0,0,0,0
1994,12,Sunny,1,0,0,0,0
1994,13,Sunny,1,0,0,0,0
1994,14,Sunny,1,0,0,0,0
1994,15,"Heavy rain, followed by light showers",0,0,0,1,0
1994,16,Sunny with clouds,1,0,0,0,1
1993,1,"Very hot and humid, with torrential thunderstorms. Air temp: 33 °C (91 °F)",1,0,0,1,0
1993,2,Dry first then torrential rain for a short period; later drying and staying dry for the rest of the race,0,0,1,1,0
1993,3,"Very cold, rain with dry spells",0,1,1,1,0
1993,4,"Wet at start, dry later",0,0,1,1,0
1993,5,Sunny,1,0,0,0,0
1993,6,"Partly cloudy, mild, dry",1,0,1,0,1
1993,7,Temperatures reaching up to 29.0 °C (84.2 °F);Wind speeds up to 18.3 km/h (11.4 mph)[1],0,0,0,0,0
1993,8,not found,0,0,0,0,0
1993,9,Dry,0,0,1,0,0
1993,10,Dry,0,0,1,0,0
1993,11,not found,0,0,0,0,0
1993,12,Sunny and clear,1,0,0,0,0
1993,13,Hot and sunny,1,0,0,0,0
1993,14,"Dry, sunny, windy",1,0,1,0,0
1993,15,"Dry/wet, warm, cloudy",1,0,1,1,1
1993,16,Sunny,1,0,0,0,0
1992,1,"Hot, dry and dull",1,0,1,0,0
1992,2,Scattered clouds27 °C (81 °F)[1],0,0,0,0,1
1992,3,Dry,0,0,1,0,0
1992,4,"Dry at start, wet later",0,0,1,1,0
1992,5,Sunny,1,0,0,0,0
1992,6,Dry,0,0,1,0,0
1992,7,Dry with temperatures reaching up to 25 °C (77 °F);Wind speeds up to 14 km/h (8.7 mph)[1],0,0,1,0,0
1992,8,"Dry, then raining",0,0,1,1,0
1992,9,Dry,0,0,1,0,0
1992,10,Dry,0,0,1,0,0
1992,11,Dry,0,0,1,0,0
1992,12,"Overcast, brief rain mid-race",0,0,0,1,1
1992,13,Sunny and warm,1,0,0,0,0
1992,14,"Dry, sunny, windy",1,0,1,0,0
1992,15,"Dry, warm, cloudy",1,0,1,0,1
1992,16,Cloudy,0,0,0,0,1
1991,1,Overcast25 °C (77 °F)[1],0,0,0,0,1
1991,2,"Cloudy at start, rainy later. Ambient temperature: 29.4°C (85°F).Humidity: 95%.Wind speed: 33.7 km/h (21 mph).",0,0,0,1,1
1991,3,"Wet at start, dry by finish",0,0,1,1,0
1991,4,"Cloudy, mild, dry",1,0,1,0,1
1991,5,Mild with temperatures approaching 25 °C (77 °F);Wind speeds up to 12 km/h (7.5 mph)[1],1,0,0,0,0
1991,6,Mostly Cloudy24 °C (75 °F)[1],0,0,0,0,1
1991,7,not found,0,0,0,0,0
1991,8,"Hot, dry, sunny",1,0,1,0,0
1991,9,Hot and sunny,1,0,0,0,0
1991,10,"Hot dry, sunny",1,0,1,0,0
1991,11,Sunny and hot,1,0,0,0,0
1991,12,Sunny and warm,1,0,0,0,0
1991,13,Sunny and warm,1,0,0,0,0
1991,14,"Warm and overcast, drying",1,0,1,0,1
1991,15,"Sunny, warm",1,0,0,0,0
1991,16,Torrential rain,0,0,0,1,0
1990,1,Cloudy and cool with temperatures reaching up to 18 °C (64 °F)[1],0,1,0,0,1
1990,2,"Hot, dry, sunny",1,0,1,0,0
1990,3,"Warm, dry, sunny",1,0,1,0,0
1990,4,"Warm, dry, sunny",1,0,1,0,0
1990,5,Warm and cloudy with temperatures approaching 19.8 °C (67.6 °F); wind speeds up to 27.8 kilometres per hour (17.3 mph)[1],1,0,0,0,1
1990,6,Overcast21 °C (70 °F)[1],0,0,0,0,1
1990,7,"Hot, dry, sunny",1,0,1,0,0
1990,8,"Hot, dry, sunny",1,0,1,0,0
1990,9,"Hot, dry, sunny",1,0,1,0,0
1990,10,Dry,0,0,1,0,0
1990,11,Dry,0,0,1,0,0
1990,12,"Hot, dry, sunny",1,0,1,0,0
1990,13,not found,0,0,0,0,0
1990,14,"Dry, hot, sunny",1,0,1,0,0
1990,15,Sunny,1,0,0,0,0
1990,16,Sunny,1,0,0,0,0
2010,1,Sunny,1,0,0,0,0
2010,2,Overcast with light rain at start,0,0,0,1,1
2010,3,"Mainly cloudy, dry",0,0,1,0,1
2010,4,"Cloudy, rain",0,0,0,1,1
2010,5,"Mainly cloudy, dry",0,0,1,0,1
2010,6,"Mainly cloudy, dry",0,0,1,0,1
2010,7,Air: 28 to 29 °C (82 to 84 °F) Track: 39 to 49 °C (102 to 120 °F),0,0,0,0,0
2010,8,Warm with temperatures approaching 26 °C (79 °F); wind speeds up to 4.9 kilometres per hour (3.0 mph)[1],1,0,0,0,0
2010,9,Dry[3],0,0,1,0,0
2010,10,Mainly sunny,1,0,0,0,0
2010,11,"Mainly cloudy, dry[4]",0,0,1,0,1
2010,12,Mainly sunny28 °C (82 °F)[1],1,0,0,0,0
2010,13,Intermittent rain,0,0,0,1,0
2010,14,Sunny,1,0,0,0,0
2010,15,"Clear; Air temp 29 to 30 °C (84 to 86 °F), Track temp 31 °C (88 °F)[5][6]",1,0,0,0,0
2010,16,Sunny,1,0,0,0,0
2010,17,"Rain. Air 20 °C (68 °F), Track 18 °C (64 °F)",0,0,0,1,0
2010,18,Clear; 25 °C (77 °F),1,0,0,0,0
2010,19,Dry[3] Air Temp 28 °C (82 °F)[3]  Track Temp 33 °C (91 °F) dropping to 29 °C (84 °F)[3],0,0,1,0,0
1989,1,"Very hot, dry, sunny",1,0,1,0,0
1989,2,"Warm, dry, sunny",1,0,1,0,0
1989,3,"Warm, dry, sunny",1,0,1,0,0
1989,4,"Hot, dry, partly sunny 25°C/79°F, 40% Humidity, wind NW-10mph",1,0,1,0,0
1989,5,"Hot, sunny; temperature up to maximum of 38.3 °C (100.9 °F)[1]",1,0,0,0,0
1989,6,Cool and rainy with temperatures approaching 24 °C (75 °F); wind speeds up to 17.9 kilometres per hour (11.1 mph)[1],0,1,0,1,0
1989,7,"Hot, dry, sunny",1,0,1,0,0
1989,8,"Warm, dry, sunny",1,0,1,0,0
1989,9,"Warm, cloudy",1,0,0,0,1
1989,10,Cloudy,0,0,0,0,1
1989,11,"Wet, cloudy, cool",0,1,0,1,1
1989,12,"Hot, dry, sunny",1,0,1,0,0
1989,13,"Hot, dry, sunny",1,0,1,0,0
1989,14,"Dry, hot, sunny",1,0,1,0,0
1989,15,"Dry, warm, cloudy",1,0,1,0,1
1989,16,"Wet, cool",0,1,0,1,0
1988,1,Cloudy and hot,1,0,0,0,1
1988,2,"Sunny, warm",1,0,0,0,0
1988,3,Warm and dry,1,0,1,0,0
1988,4,Sunny and hot,1,0,0,0,0
1988,5,Sunny and hot with temperatures up to 29 °C (84 °F); wind speeds up to 19 kilometres per hour (12 mph)[1],1,0,0,0,0
1988,6,Warm and sunny with temperatures up to 91.9 °F (33.3 °C); wind speeds up to 11.1 miles per hour (17.9 km/h)[1],1,0,0,0,0
1988,7,Sunny and hot,1,0,0,0,0
1988,8,Wet and cool,0,1,0,1,0
1988,9,Wet and cool,0,1,0,1,0
1988,10,Sunny and hot,1,0,0,0,0
1988,11,"Warm, dry and overcast",1,0,1,0,1
1988,12,Sunny and hot,1,0,0,0,0
1988,13,Sunny and hot,1,0,0,0,0
1988,14,Sunny and hot,1,0,0,0,0
1988,15,"Cool and mainly dry, some rain toward the end",0,1,1,1,0
1988,16,Cloudy and hot,1,0,0,0,1
1987,1,Sunny,1,0,0,0,0
1987,2,"Sunny, warm",1,0,0,0,0
1987,3,Cloudy and cool,0,1,0,0,1
1987,4,Sunny and warm,1,0,0,0,0
1987,5,Clear with rain showers later on; temperatures reaching up to 78.1 °F (25.6 °C); wind speeds up to 19.6 miles per hour (31.5 km/h)[1],1,0,0,1,0
1987,6,Sunny and hot,1,0,0,0,0
1987,7,Sunny and warm,1,0,0,0,0
1987,8,not found,0,0,0,0,0
1987,9,Dry,0,0,1,0,0
1987,10,Dry,0,0,1,0,0
1987,11,Dry,0,0,1,0,0
1987,12,Dry,0,0,1,0,0
1987,13,Sunny and hot,1,0,0,0,0
1987,14,Sunny and hot,1,0,0,0,0
1987,15,Dry,0,0,1,0,0
1987,16,Sunny,1,0,0,0,0
1986,1,"Hot, dry and sunny",1,0,1,0,0
1986,2,"Warm, dry and sunny",1,0,1,0,0
1986,3,"Overcast, warm",1,0,0,0,1
1986,4,"Sunny, mild, dry",1,0,1,0,0
1986,5,Dry,0,0,1,0,0
1986,6,Dry with temperatures approaching 25 °C (77 °F); wind speeds up to 20.5 km/h (12.7 mph)[1],0,0,1,0,0
1986,7,Cloudy and hot with temperatures reaching up to 91 °F (33 °C); wind speeds up to 23 miles per hour (37 km/h)[1],1,0,0,0,1
1986,8,Dry,0,0,1,0,0
1986,9,Sunny,1,0,0,0,0
1986,10,Dry,0,0,1,0,0
1986,11,not found,0,0,0,0,0
1986,12,Dry,0,0,1,0,0
1986,13,Dry,0,0,1,0,0
1986,14,Dry,0,0,1,0,0
1986,15,Sunny and hot,1,0,0,0,0
1986,16,Sunny,1,0,0,0,0
1985,1,"Dry, 34 °C (93 °F) air temperature",0,0,1,0,0
1985,2,"Overcast, Cold, Rain",0,1,0,1,1
1985,3,not found,0,0,0,0,0
1985,4,Dry,0,0,1,0,0
1985,5,Sunny with temperatures approaching 20.5 °C (68.9 °F); wind speeds up to 12.9 kilometres per hour (8.0 mph)[1],1,0,0,0,0
1985,6,Clear and cool with temperatures reaching up to 80.1 °F (26.7 °C); wind speeds up to 23 miles per hour (37 km/h)[1],1,1,0,0,0
1985,7,"Dry, hot[2]",1,0,1,0,0
1985,8,"Cool, overcast",0,1,0,0,1
1985,9,Dry,0,0,1,0,0
1985,10,Dry,0,0,1,0,0
1985,11,Sunny,1,0,0,0,0
1985,12,Dry,0,0,1,0,0
1985,13,"Wet/Dry, drying up in later stages",0,0,1,1,0
1985,14,not found,0,0,0,0,0
1985,15,"Sunny, hot and dry",1,0,1,0,0
1985,16,Sunny,1,0,0,0,0
1984,1,Dry,0,0,1,0,0
1984,2,Dry,0,0,1,0,0
1984,3,not found,0,0,0,0,0
1984,4,not found,0,0,0,0,0
1984,5,Dry,0,0,1,0,0
1984,6,Heavy rain and spray,0,0,0,1,0
1984,7,Dry with temperatures approaching 26 °C (79 °F); wind speeds up to 12.9 kilometres per hour (8.0 mph)[1],0,0,1,0,0
1984,8,Sunny and warm with temperatures reaching up to 77.9 °F (25.5 °C); wind speeds up to 11.3 miles per hour (18.2 km/h)[1],1,0,0,0,0
1984,9,Sunny with temperatures reaching up to 100 °F (38 °C); wind speeds of 14 miles per hour (23 km/h)[1],1,0,0,0,0
1984,10,not found,0,0,0,0,0
1984,11,Dry,0,0,1,0,0
1984,12,Dry,0,0,1,0,0
1984,13,Sunny,1,0,0,0,0
1984,14,Dry,0,0,1,0,0
1984,15,Sunny,1,0,0,0,0
1984,16,Dry,0,0,1,0,0
1983,1,Dry,0,0,1,0,0
1983,2,Sunny and warm with temperatures reaching up to 65.8 °F (18.8 °C); wind speeds approaching speeds up to 9.9 miles per hour (15.9 km/h)[1],1,0,0,0,0
1983,3,"Dry, grey and cool[1]",0,1,1,0,1
1983,4,not found,0,0,0,0,0
1983,5,Wet track at the start,0,0,0,1,0
1983,6,not found,0,0,0,0,0
1983,7,Sunny and warm with temperatures reaching up to 76.8 °F (24.9 °C); wind speeds up to 11.3 miles per hour (18.2 km/h)[1],1,0,0,0,0
1983,8,Warm with temperatures approaching 30 °C (86 °F); wind speeds up to 15 kilometres per hour (9.3 mph)[1],1,0,0,0,0
1983,9,not found,0,0,0,0,0
1983,10,Dry,0,0,1,0,0
1983,11,Dry,0,0,1,0,0
1983,12,Cloudy,0,0,0,0,1
1983,13,Dry,0,0,1,0,0
1983,14,Dry,0,0,1,0,0
1983,15,Dry,0,0,1,0,0
1982,1,Dry,0,0,1,0,0
1982,2,Dry,0,0,1,0,0
1982,3,Clear and warm with temperatures reaching up to 63.9 °F (17.7 °C); wind speeds approaching speeds up to 11.8 miles per hour (19.0 km/h)[1],1,0,0,0,0
1982,4,not found,0,0,0,0,0
1982,5,Cold with air temperatures reaching up to 13 °C (55 °F)[1],0,1,0,0,0
1982,6,"Dry, then Wet",0,0,1,1,0
1982,7,Sunny and warm with temperatures reaching up to 72 °F (22 °C); wind speeds up to 16.1 miles per hour (25.9 km/h)[1],1,0,0,0,0
1982,8,Overcast and chilly17 °C (63 °F)[1],0,1,0,0,1
1982,9,Cloudy,0,0,0,0,1
1982,10,not found,0,0,0,0,0
1982,11,Dry,0,0,1,0,0
1982,12,Dry,0,0,1,0,0
1982,13,"Sunny, hot",1,0,0,0,0
1982,14,Dry,0,0,1,0,0
1982,15,Dry,0,0,1,0,0
1982,16,Sunny with temperatures reaching up to 98.8 °F (37.1 °C); wind speeds approaching 18.1 miles per hour (29.1 km/h)[1],1,0,0,0,0
1981,1,Sunny and warm with temperatures reaching up to 71.1 °F (21.7 °C); wind speeds approaching 10.9 miles per hour (17.5 km/h)[1],1,0,0,0,0
1981,2,"Overcast, Fresh, Rain",0,1,0,1,1
1981,3,"Sunny, dry",1,0,1,0,0
1981,4,"Rain, cold",0,1,0,1,0
1981,5,"Dry, then wet at the end",0,0,1,1,0
1981,6,Dry,0,0,1,0,0
1981,7,"Sunny, hot",1,0,0,0,0
1981,8,"Dry, then wet at half distance, then dry again",0,0,1,1,0
1981,9,Dry,0,0,1,0,0
1981,10,Wet / Dry,0,0,1,1,0
1981,11,"Mild, Dry",1,0,1,0,0
1981,12,"Sunny, dry",1,0,1,0,0
1981,13,Dry and sunny,1,0,1,0,0
1981,14,Wet and cold with temperatures up to 20 °C (68 °F); wind speeds up to 15 kilometres per hour (9.3 mph)[1],0,1,0,1,0
1981,15,Sunny with temperatures reaching up to 75 °F (24 °C); wind speeds approaching speeds up to 11.1 miles per hour (17.9 km/h)[1],1,0,0,0,0
1980,1,"Sunny, Very hot, Dry",1,0,1,0,0
1980,2,Dry,0,0,1,0,0
1980,3,Dry,0,0,1,0,0
1980,4,Sunny and warm with temperatures reaching up to 81 °F (27 °C); wind speeds up to 10.9 miles per hour (17.5 km/h)[1],1,0,0,0,0
1980,5,Dry,0,0,1,0,0
1980,6,"Dry at the start, damp in the end",0,0,1,1,0
1980,7,Dry,0,0,1,0,0
1980,8,not found,0,0,0,0,0
1980,9,"Overcast, Dry",0,0,1,0,1
1980,10,"Mild, Dry",1,0,1,0,0
1980,11,"Sunny, Mild, Dry",1,0,1,0,0
1980,12,"Sunny, Mild, Dry",1,0,1,0,0
1980,13,Cold and dry with temperatures reaching up to 11 °C (52 °F); wind speeds up to 15.9 kilometres per hour (9.9 mph)[1],0,1,1,0,0
1980,14,Cloudy and dry with temperatures reaching up to 12 °C (54 °F);Wind speeds up to 14.82 km/h (9.21 mph)[1],0,0,1,0,1
1979,1,Dry,0,0,1,0,0
1979,2,Dry,0,0,1,0,0
1979,3,Wet,0,0,0,1,0
1979,4,Sunny and warm with temperatures reaching up to 66 °F (19 °C); winds gusting up to 8 miles per hour (13 km/h)[1],1,0,0,0,0
1979,5,Dry,0,0,1,0,0
1979,6,Dry,0,0,1,0,0
1979,7,Dry,0,0,1,0,0
1979,8,Dry,0,0,1,0,0
1979,9,Dry,0,0,1,0,0
1979,10,Dry,0,0,1,0,0
1979,11,Dry,0,0,1,0,0
1979,12,Dry,0,0,1,0,0
1979,13,Dry and sunny,1,0,1,0,0
1979,14,"Partially cloudy, mild and dry with temperatures reaching up to 21 °C (70 °F); wind speeds up to 18.3 kilometres per hour (11.4 mph)[1]",1,0,1,0,1
1979,15,Rain with temperatures reaching a maximum of 15 °C (59 °F);Wind speeds up to 27.78 km/h (17.26 mph)[1],0,0,0,1,0
1978,1,Dry,0,0,1,0,0
1978,2,"Very hot and humid, 100.4°F (38°C)[1]",1,0,0,0,0
1978,3,Dry,0,0,1,0,0
1978,4,Scattered clouds 17 °C (63 °F)[1],0,0,0,0,1
1978,5,Dry,0,0,1,0,0
1978,6,Dry,0,0,1,0,0
1978,7,Dry,0,0,1,0,0
1978,8,Sunny and warm,1,0,0,0,0
1978,9,Dry,0,0,1,0,0
1978,10,Dry,0,0,1,0,0
1978,11,Dry,0,0,1,0,0
1978,12,Wet,0,0,0,1,0
1978,13,Dry,0,0,1,0,0
1978,14,Sunny,1,0,0,0,0
1978,15,"Cloudy, dry",0,0,1,0,1
1978,16,Mostly cloudy5 °C (41 °F)[1],0,0,0,0,1
1977,1,Dry,0,0,1,0,0
1977,2,Dry,0,0,1,0,0
1977,3,Sunny,1,0,0,0,0
1977,4,Temperatures of 68 °F (20 °C); winds of 10.9 miles per hour (17.5 km/h)[1],0,0,0,0,0
1977,5,not found,0,0,0,0,0
1977,6,Dry,0,0,1,0,0
1977,7,Wet,0,0,0,1,0
1977,8,Dry,0,0,1,0,0
1977,9,Dry,0,0,1,0,0
1977,10,Sunny,1,0,0,0,0
1977,11,Dry,0,0,1,0,0
1977,12,"Wet, then drying",0,0,1,1,0
1977,13,Dry,0,0,1,0,0
1977,14,Dry,0,0,1,0,0
1977,15,Rain with temperatures reaching up to 17 °C (63 °F);Winds gusting up to 23.69 km/h (14.72 mph)[1],0,0,0,1,0
1977,16,Cold with temperatures approaching 12 °C (54 °F); wind speeds up to 12.8 kilometres per hour (8.0 mph)[1],0,1,0,0,0
1977,17,Dry,0,0,1,0,0
1976,1,Sunny,1,0,0,0,0
1976,2,Sunny,1,0,0,0,0
1976,3,Hot and sunny with temperatures reaching up to 70 °F (21 °C); wind speeds approaching speeds up to 15 miles per hour (24 km/h)[2],1,0,0,0,0
1976,4,not found,0,0,0,0,0
1976,5,not found,0,0,0,0,0
1976,6,Dry,0,0,1,0,0
1976,7,Dry,0,0,1,0,0
1976,8,not found,0,0,0,0,0
1976,9,Dry,0,0,1,0,0
1976,10,"Rain at start, later drying",0,0,1,1,0
1976,11,not found,0,0,0,0,0
1976,12,"Warm, dry",1,0,1,0,0
1976,13,not found,0,0,0,0,0
1976,14,Mild with temperatures approaching 22 °C (72 °F); wind speeds up to 8.9 kilometres per hour (5.5 mph)[2],1,0,0,0,0
1976,15,Sunny with temperatures reaching up to 16 °C (61 °F);Winds gusting up to 44.45 km/h (27.62 mph)[2],1,0,0,0,0
1976,16,"Very wet and misty, eventually drying",0,0,1,1,0
1975,1,Hot and sunny,1,0,0,0,0
1975,2,"Sunny, hot and dry",1,0,1,0,0
1975,3,Sunny,1,0,0,0,0
1975,4,Sunny,1,0,0,0,0
1975,5,"Rain, later drying",0,0,1,1,0
1975,6,Dry and sunny,1,0,1,0,0
1975,7,Dry,0,0,1,0,0
1975,8,"Wet, drying later",0,0,1,1,0
1975,9,Dry and sunny,1,0,1,0,0
1975,10,"Sunny, then overcast, then heavy rain",1,0,0,1,1
1975,11,Dry and sunny,1,0,1,0,0
1975,12,Heavy rain,0,0,0,1,0
1975,13,Dry and sunny,1,0,1,0,0
1975,14,Partly sunny with temperatures reaching a maximum of 20.6 °C (69.1 °F);Winds gusting up to 31.48 km/h (19.56 mph)[1],1,0,0,0,0
1974,1,Hot and sunny,1,0,0,0,0
1974,2,"Hot and partially cloudy in the first phase, then seasonal monsoon later.",1,0,0,0,1
1974,3,not found,0,0,0,0,0
1974,4,not found,0,0,0,0,0
1974,5,not found,0,0,0,0,0
1974,6,not found,0,0,0,0,0
1974,7,not found,0,0,0,0,0
1974,8,not found,0,0,0,0,0
1974,9,not found,0,0,0,0,0
1974,10,not found,0,0,0,0,0
1974,11,"Overcast, showers",0,0,0,1,1
1974,12,not found,0,0,0,0,0
1974,13,not found,0,0,0,0,0
1974,14,Cold with temperatures approaching 13.3 °C (55.9 °F); wind speeds up to 15 kilometres per hour (9.3 mph)[1],0,1,0,0,0
1974,15,"Clear, warm",1,0,0,0,0
1973,1,not found,0,0,0,0,0
1973,2,Sunny and hot,1,0,0,0,0
1973,3,"Sunny, Hot, Dry",1,0,1,0,0
1973,4,"Sunny, Hot, Dry",1,0,1,0,0
1973,5,"Warm, dry",1,0,1,0,0
1973,6,not found,0,0,0,0,0
1973,7,not found,0,0,0,0,0
1973,8,Sunny and warm,1,0,0,0,0
1973,9,Dry,0,0,1,0,0
1973,10,Dry,0,0,1,0,0
1973,11,Dry,0,0,1,0,0
1973,12,not found,0,0,0,0,0
1973,13,not found,0,0,0,0,0
1973,14,Mild with temperatures approaching 22.2 °C (72.0 °F); wind speeds up to 11.8 kilometres per hour (7.3 mph)[1],1,0,0,0,0
1973,15,Cloudy with temperatures approaching 20 °C (68 °F);Wind speeds up to 14.82 km/h (9.21 mph)[1],0,0,0,0,1
1972,1,not found,0,0,0,0,0
1972,2,"Sunny, Hot, Dry",1,0,1,0,0
1972,3,not found,0,0,0,0,0
1972,4,Wet,0,0,0,1,0
1972,5,not found,0,0,0,0,0
1972,6,not found,0,0,0,0,0
1972,7,"Warm, dry",1,0,1,0,0
1972,8,not found,0,0,0,0,0
1972,9,"Sunny, hot",1,0,0,0,0
1972,10,Dry and sunny,1,0,1,0,0
1972,11,Mild with temperatures approaching 22.8 °C (73.0 °F); wind speeds up to 12 kilometres per hour (7.5 mph)[1],1,0,0,0,0
1972,12,"Sunny at start, brief showers late",1,0,0,1,0
1971,1,"Sunny, Hot, Dry",1,0,1,0,0
1971,2,"Sunny, Hot, Dry",1,0,1,0,0
1971,3,Overcast,0,0,0,0,1
1971,4,Wet,0,0,0,1,0
1971,5,not found,0,0,0,0,0
1971,6,"Overcast, dry",0,0,1,0,1
1971,7,not found,0,0,0,0,0
1971,8,Dry,0,0,1,0,0
1971,9,not found,0,0,0,0,0
1971,10,Rainy and foggy with temperatures approaching 17.8 °C (64.0 °F); wind speeds up to 8 kilometres per hour (5.0 mph)[1],0,0,0,1,0
1971,11,Dry,0,0,1,0,0
1970,1,"Very hot, Dry",1,0,1,0,0
1970,2,"Very hot, Dry",1,0,1,0,0
1970,3,Sunny and warm,1,0,0,0,0
1970,4,not found,0,0,0,0,0
1970,5,Cloudy,0,0,0,0,1
1970,6,Overcast,0,0,0,0,1
1970,7,not found,0,0,0,0,0
1970,8,not found,0,0,0,0,0
1970,9,not found,0,0,0,0,0
1970,10,"Sunny, Dry",1,0,1,0,0
1970,11,Mild with temperatures approaching 23.3 °C (73.9 °F); winds gusting up to 10.1 kilometres per hour (6.3 mph)[1],1,0,0,0,0
1970,12,Cloudy and dry with temperatures reaching up to 10 °C (50 °F);Wind speeds up to 29.5 km/h (18.3 mph)[1],0,0,1,0,1
1970,13,not found,0,0,0,0,0
1969,1,"Hot, Dry",1,0,1,0,0
1969,2,"Sunny, mild, dry",1,0,1,0,0
1969,3,"Overcast, mild, dry",1,0,1,0,1
1969,4,"Sunny, mild, dry",1,0,1,0,0
1969,5,"Sunny, mild, dry",1,0,1,0,0
1969,6,"Overcast, dry",0,0,1,0,1
1969,7,not found,0,0,0,0,0
1969,8,"Sunny, Dry",1,0,1,0,0
1969,9,Mild with temperatures approaching 21.1 °C (70.0 °F); wind speeds up to 10.1 kilometres per hour (6.3 mph)[1],1,0,0,0,0
1969,10,Dry with temperatures reaching up to 18 °C (64 °F);Wind speeds up to 18.70 km/h (11.62 mph)[1],0,0,1,0,0
1969,11,Warm and dry,1,0,1,0,0
1968,1,"Very hot, dry",1,0,1,0,0
1968,2,"Hot, Dry",1,0,1,0,0
1968,3,"Sunny, Mild, Dry",1,0,1,0,0
1968,4,"Overcast, Dry",0,0,1,0,1
1968,5,Showers,0,0,0,1,0
1968,6,Wet,0,0,0,1,0
1968,7,"Hot, Dry",1,0,1,0,0
1968,8,"Hazy, Wet",0,0,0,1,0
1968,9,"Hot, Dry",1,0,1,0,0
1968,10,Sunny with temperatures reaching up to 27.8 °C (82.0 °F) and wind speeds up to 10.1 kilometres per hour (6.3 mph); no precipitation reported throughout the day[1],1,0,0,0,0
1968,11,Temperatures reaching a maximum of 20 °C (68 °F);wind speeds up to 14.82 km/h (9.21 mph)[1],0,0,0,0,0
1968,12,"Sunny, Mild, Dry",1,0,1,0,0
1967,1,not found,0,0,0,0,0
1967,2,not found,0,0,0,0,0
1967,3,not found,0,0,0,0,0
1967,4,not found,0,0,0,0,0
1967,5,not found,0,0,0,0,0
1967,6,not found,0,0,0,0,0
1967,7,"Warm, dry and sunny",1,0,1,0,0
1967,8,Rainy with temperatures up to 24.4 °C (75.9 °F); wind speeds up to 8 kilometres per hour (5.0 mph)[1],0,0,0,1,0
1967,9,"Warm, dry",1,0,1,0,0
1967,10,Sunny,1,0,0,0,0
1967,11,not found,0,0,0,0,0
1966,1,"Overcast, Mild, Dry",1,0,1,0,1
1966,2,Overcast and wet,0,0,0,1,1
1966,3,"Hot, dry",1,0,1,0,0
1966,4,"Wet, drying later",0,0,1,1,0
1966,5,"Sunny, Mild, Dry",1,0,1,0,0
1966,6,Overcast and wet,0,0,0,1,1
1966,7,"Warm, dry and sunny",1,0,1,0,0
1966,8,"Cool, dry",0,1,1,0,0
1966,9,"Warm, clear",1,0,0,0,0
1965,1,not found,0,0,0,0,0
1965,2,not found,0,0,0,0,0
1965,3,Heavy rain,0,0,0,1,0
1965,4,Sunny,1,0,0,0,0
1965,5,"Warm, dry and overcast",1,0,1,0,1
1965,6,not found,0,0,0,0,0
1965,7,Overcast and dry,0,0,1,0,1
1965,8,not found,0,0,0,0,0
1965,9,"Rainy, windy, cold",0,1,0,1,0
1965,10,not found,0,0,0,0,0
1964,1,not found,0,0,0,0,0
1964,2,Dry,0,0,1,0,0
1964,3,Dry,0,0,1,0,0
1964,4,Dry,0,0,1,0,0
1964,5,"Warm, dry",1,0,1,0,0
1964,6,Dry,0,0,1,0,0
1964,7,Dry,0,0,1,0,0
1964,8,Dry,0,0,1,0,0
1964,9,"Sunny, warm",1,0,0,0,0
1964,10,not found,0,0,0,0,0
1963,1,"Warm, dry and sunny",1,0,1,0,0
1963,2,Wet and overcast,0,0,0,1,1
1963,3,Sunny,1,0,0,0,0
1963,4,"Sunny, then rain",1,0,0,1,0
1963,5,"Warm, dry and sunny",1,0,1,0,0
1963,6,"Warm, dry and sunny, 21C.",1,0,1,0,0
1963,7,"Warm, dry and sunny",1,0,1,0,0
1963,8,Sunny,1,0,0,0,0
1963,9,"Overcast, dry",0,0,1,0,1
1963,10,"Hot, dry and windy",1,0,1,0,0
1962,1,Sunny,1,0,0,0,0
1962,2,Cloudy,0,0,0,0,1
1962,3,Sunny,1,0,0,0,0
1962,4,Sunny,1,0,0,0,0
1962,5,Sunny,1,0,0,0,0
1962,6,Heavy rain showers,0,0,0,1,0
1962,7,"Dry, with rain later",0,0,1,1,0
1962,8,Sunny,1,0,0,0,0
1962,9,"Dry, windy",0,0,1,0,0
1961,1,Sunny,1,0,0,0,0
1961,2,Sunny,1,0,0,0,0
1961,3,Sunny,1,0,0,0,0
1961,4,Sunny,1,0,0,0,0
1961,5,"Torrential rain, drying later",0,0,1,1,0
1961,6,Wet,0,0,0,1,0
1961,7,Sunny,1,0,0,0,0
1961,8,Temperatures up to 22 °C (72 °F);Wind speeds up to 16.48 km/h (10.24 mph)[1],0,0,0,0,0
1960,1,Dry,0,0,1,0,0
1960,2,not found,0,0,0,0,0
1960,3,not found,0,0,0,0,0
1960,4,not found,0,0,0,0,0
1960,5,not found,0,0,0,0,0
1960,6,Dry,0,0,1,0,0
1960,7,"Dry, overcast.",0,0,1,0,1
1960,8,not found,0,0,0,0,0
1960,9,"Warm, dry",1,0,1,0,0
1960,10,Temperatures up to 24.4 °C (75.9 °F);Wind speeds up to 18.33 km/h (11.39 mph)[1],0,0,0,0,0
1959,1,"Hot, clear",1,0,0,0,0
1959,2,not found,0,0,0,0,0
1959,3,Sunny,1,0,0,0,0
1959,4,"Hot, dry",1,0,1,0,0
1959,5,Dry and sunny.,1,0,1,0,0
1959,6,Dry and dull.,0,0,1,0,0
1959,7,Hot and clear.,1,0,0,0,0
1959,8,Dry and sunny,1,0,1,0,0
1959,9,Sunny with temperatures reaching up to 25 °C (77 °F);Winds speeds up to 25.93 km/h (16.11 mph)[1],1,0,0,0,0
1958,1,not found,0,0,0,0,0
1958,2,not found,0,0,0,0,0
1958,3,not found,0,0,0,0,0
1958,4,not found,0,0,0,0,0
1958,5,"Hot, dry",1,0,1,0,0
1958,6,not found,0,0,0,0,0
1958,7,not found,0,0,0,0,0
1958,8,not found,0,0,0,0,0
1958,9,not found,0,0,0,0,0
1958,10,not found,0,0,0,0,0
1958,11,"Warm, dry, sunny",1,0,1,0,0
1957,1,not found,0,0,0,0,0
1957,2,not found,0,0,0,0,0
1957,3,not found,0,0,0,0,0
1957,4,not found,0,0,0,0,0
1957,5,"Overcast, dry.",0,0,1,0,1
1957,6,not found,0,0,0,0,0
1957,7,"Sunny, very hot, dry",1,0,1,0,0
1957,8,not found,0,0,0,0,0
1956,1,Overcast but dry,0,0,1,0,1
1956,2,"Warm, dry, sunny",1,0,1,0,0
1956,3,not found,0,0,0,0,0
1956,4,"Wet and overcast, later drying",0,0,1,1,1
1956,5,not found,0,0,0,0,0
1956,6,"Overcast, dry",0,0,1,0,1
1956,7,not found,0,0,0,0,0
1956,8,"Cloudy, warm, alternating light rain",1,0,0,1,1
1955,1,Very hot and dry,1,0,1,0,0
1955,2,not found,0,0,0,0,0
1955,3,not found,0,0,0,0,0
1955,4,not found,0,0,0,0,0
1955,5,Drizzly,0,0,0,0,0
1955,6,"Hot, dry.[1]",1,0,1,0,0
1955,7,not found,0,0,0,0,0
1954,1,"Overcast, wet",0,0,0,1,1
1954,2,not found,0,0,0,0,0
1954,3,"Sunny, mild, dry",1,0,1,0,0
1954,4,"Overcast, wet",0,0,0,1,1
1954,5,"Cold, wet (heavy rain).[1]",0,1,0,1,0
1954,6,"Sunny, dry",1,0,1,0,0
1954,7,Rain,0,0,0,1,0
1954,8,"Sunny, mild, dry",1,0,1,0,0
1954,9,"Sunny, mild, dry",1,0,1,0,0
1953,1,"Hot, dry",1,0,1,0,0
1953,2,not found,0,0,0,0,0
1953,3,"Sunny, mild, dry",1,0,1,0,0
1953,4,"Hot, dry",1,0,1,0,0
1953,5,"Hot, dry",1,0,1,0,0
1953,6,"Overcast, showers",0,0,0,1,1
1953,7,"Sunny, mild, dry",1,0,1,0,0
1953,8,"Sunny, mild, dry",1,0,1,0,0
1953,9,"Sunny, mild, dry",1,0,1,0,0
1952,1,Sunny,1,0,0,0,0
1952,2,not found,0,0,0,0,0
1952,3,Rain,0,0,0,1,0
1952,4,Rain,0,0,0,1,0
1952,5,"Overcast, dry.",0,0,1,0,1
1952,6,Sunny,1,0,0,0,0
1952,7,Rainy,0,0,0,1,0
1952,8,Sunny,1,0,0,0,0
1951,1,"Overcast, rain",0,0,0,1,1
1951,2,not found,0,0,0,0,0
1951,3,"Sunny, Mild, Dry",1,0,1,0,0
1951,4,"Sunny, Hot, Dry",1,0,1,0,0
1951,5,"Mild, Dry",1,0,1,0,0
1951,6,"Sunny, Mild, Dry",1,0,1,0,0
1951,7,Warm and sunny,1,0,0,0,0
1951,8,"Hot, Dry",1,0,1,0,0
1950,1,"Sunny, mild, dry.",1,0,1,0,0
1950,2,not found,0,0,0,0,0
1950,3,not found,0,0,0,0,0
1950,4,"Warm, dry and sunny",1,0,1,0,0
1950,5,"Warm, dry and sunny",1,0,1,0,0
1950,6,Hot and sunny,1,0,0,0,0
1950,7,"Warm, hot and sunny",1,0,0,0,0
2011,1,"Sunny, 18°C",1,0,0,0,0
2011,2,"Cloudy, dry",0,0,1,0,1
2011,3,Fine and Dry[1] Air Temp 22 °C (72 °F)[1]  Track Temp 32 °C (90 °F) dropping to 26 °C (79 °F)[1],1,0,1,0,0
2011,4,"Sunny, Fine and Dry[2] Air Temp 17 °C (63 °F)[2]  Track Temp 35 °C (95 °F) dropping to 30 °C (86 °F)[2]",1,0,1,0,0
2011,5,"Mainly sunny, Fine and Dry[3][4] Air Temp 27 °C (81 °F)[4]  Track Temp 33 °C (91 °F) to 44 °C (111 °F)[4]",1,0,1,0,0
2011,6,"Sunny, Fine and Dry[2]Air Temp 24 °C (75 °F)[2]Track Temp 44 °C (111 °F)[2]",1,0,1,0,0
2011,7,"Wet at start, very heavy rain later, after rain stops, track drying towards the end. Temperatures up to 27 °C (81 °F); wind speeds up to 12 kilometres per hour (7.5 mph)[2]",0,0,1,1,0
2011,8,"Clear, Fine and Dry[1][2]Air Temp 27 °C (81 °F)[2]Track Temp 47 °C (117 °F)[2]",1,0,1,0,0
2011,9,Wet track at start; subsequently drying.[1]Air Temp 20 °C (68 °F)[1]Track Temp 22 °C (72 °F)[1],0,0,1,1,0
2011,10,"Cloudy, (light) rain at start",0,0,0,1,1
2011,11,"Cloudy, rain showers",0,0,0,1,1
2011,12,"Cloudy, dry",0,0,1,0,1
2011,13,Mainly sunny,1,0,0,0,0
2011,14,Hot and humid  Air Temp 31 °C (88 °F)[1],1,0,0,0,0
2011,15,Sunny and dry  Air Temp 24 °C (75 °F)[3],1,0,1,0,0
2011,16,"Dry, light rain at the start  Air Temp 21 °C (70 °F)[2]",0,0,1,1,0
2011,17,Fine and Dry  Air Temp 30 °C (86 °F)[1],1,0,1,0,0
2011,18,Fine and Dry  Air Temp 25 °C (77 °F)[1],1,0,1,0,0
2011,19,Fine  Air Temp 24 °C (75 °F)  Track Temp 43 °C (109 °F)[1],1,0,0,0,0
2012,1,Fine[1] Air Temp 22 °C (72 °F)[1]  Track Temp 30 °C (86 °F) dropping to 22 °C (72 °F)[1],1,0,0,0,0
2012,2,Heavy rain clearing to cloudy and dry[2] Air Temp 26 °C (79 °F)[2]   Track Temp 29 °C (84 °F) dropping to 24 °C (75 °F) [2],1,0,1,1,1
2012,3,Overcast but Dry[1] Air Temp 22 °C (72 °F)[1]  Track Temp 23 °C (73 °F)[1],0,0,1,0,1
2012,4,Sunny and hot[1][2] Air Temp 27 °C (81 °F)[2]  Track Temp 33 °C (91 °F) dropping to 29 °C (84 °F)[2],1,0,0,0,0
2012,5,"Partially cloudy, dry: Air 23 °C (73 °F), Track 36 °C (97 °F)",0,0,1,0,1
2012,6,"Fine and Dry, showers threatening at end[2] Air Temp 21 °C (70 °F)[2]  Track Temp 38 °C (100 °F) dropping to 31 °C (88 °F)[2]",1,0,1,1,0
2012,7,"Fine, dry and warm;[2] with air temperature approaching 29 °C (84 °F)[2]  Track Temp 45 °C (113 °F) dropping to 39 °C (102 °F)[2]",1,0,1,0,0
2012,8,Fine and Dry[2] Air Temp 27 °C (81 °F)[2]  Track Temp 45 °C (113 °F)[2],1,0,1,0,0
2012,9,DryAir Temp 20 °C (68 °F)[2]Track Temp 31 °C (88 °F)[2],0,0,1,0,0
2012,10,Fine and Dry[2] Air Temp 22 °C (72 °F)[2]  Track Temp 30 °C (86 °F)[2],1,0,1,0,0
2012,11,Fine and Dry. Very Hot[2][3] Air Temp 30 °C (86 °F)[3]  Track Temp 45 °C (113 °F)[3],1,0,1,0,0
2012,12,Fine and Dry[4] Air Temp 23 °C (73 °F)[4]  Track Temp 33 °C (91 °F)[4],1,0,1,0,0
2012,13,Dry and sizzlingly sunny[2] Air temp 28 °C (82 °F)[2]  Track temp 40 °C (104 °F)[2],1,0,1,0,0
2012,14,Hot and humid[2]Air Temp 29 °C (84 °F)[2]Track Temp 31 °C (88 °F)[2],1,0,0,0,0
2012,15,Fine and Dry[2] Air Temp 23 °C (73 °F)[2]  Track Temp 32 °C (90 °F)[2],1,0,1,0,0
2012,16,Fine and Dry[3] Air Temp 21 °C (70 °F)[3]  Track Temp 27 °C (81 °F) dropping to 23 °C (73 °F)[3],1,0,1,0,0
2012,17,"Fine, Dry, a little hazy and a little dusty[2] Air Temp 30 °C (86 °F)[2]  Track Temp 36 °C (97 °F) dropping to 31 °C (88 °F)[2]",1,0,1,0,0
2012,18,Dry[2] Air Temp 29 °C (84 °F)[2]  Track Temp 34 °C (93 °F) dropping to 29 °C (84 °F)[2],0,0,1,0,0
2012,19,Scattered clouds[2][3]Air temp 24 °C (75 °F)[3]Track temp 32 °C (90 °F)[3],0,0,0,0,1
2012,20,"Race start: drops of rain, light rain shower getting heavier at the end.[2] Air Temp 19 °C (66 °F)[2]  Track Temp 21 °C (70 °F)[2]",0,0,0,1,0
2013,1,"Scattered Clouds, Fine and Dry[2] Air Temp 18 °C (64 °F)[2]  Track Temp 25 °C (77 °F) dropping to 19 °C (66 °F)[2]",1,0,1,0,1
2013,2,Light rain clearing to cloudy and dry,1,0,1,1,1
2013,3,Cloudy,0,0,0,0,1
2013,4,Sunny,1,0,0,0,0
2013,5,Sunny,1,0,0,0,0
2013,6,Warm and sunny,1,0,0,0,0
2013,7,Mild with temperatures approaching 23 °C (73 °F); wind speeds up to 15 kilometres per hour (9.3 mph)[2],1,0,0,0,0
2013,8,Dry,0,0,1,0,0
2013,9,Sunny,1,0,0,0,0
2013,10,"Very hot and sunny, 35 °C.",1,0,0,0,0
2013,11,Cloudy,0,0,0,0,1
2013,12,Cloudy,0,0,0,0,1
2013,13,Dry and 29 degrees,0,0,1,0,0
2013,14,Cloudy with maximum temperatures reaching 29 degrees during the day,0,0,0,0,1
2013,15,Warm and sunny,1,0,0,0,0
2013,16,"Sunny, haze",1,0,0,0,0
2013,17,Clear,1,0,0,0,0
2013,18,"Partly cloudy, warmTemperatures reaching up to 89.1 °F (31.7 °C); wind speeds approaching speeds of 11.1 miles per hour (17.9 km/h)[2]",1,0,0,0,1
2013,19,"Cloudy, Air Temp: 18°C",0,0,0,0,1
2014,1,"Overcast, 19 °C(66 °F)",0,0,0,0,1
2014,2,"Dry, 32°C",0,0,1,0,0
2014,3,Dry,0,0,1,0,0
2014,4,"Mostly cloudy, dry",0,0,1,0,1
2014,5,Sunny,1,0,0,0,0
2014,6,"Overcast, Air: 20 to 21 °C (68 to 70 °F), Track: 28 to 30 °C (82 to 86 °F).",0,0,0,0,1
2014,7,Temperatures up to 27.6 °C (81.7 °F); wind speeds up to 16.4 kilometres per hour (10.2 mph)[5],0,0,0,0,0
2014,8,"Partially cloudy, hot and dry",1,0,1,0,1
2014,9,Mostly cloudy with maximum temperatures reaching 21 degrees during the day.,0,0,0,0,1
2014,10,Cloudy with maximum temperatures reaching 26 degrees during the day.,0,0,0,0,1
2014,11,"Overcast. Wet track at start, then drying.Scattered thunderstorms during the day, temperatures reaching a maximum of 26 degrees.[1]",0,0,1,1,1
2014,12,Mostly cloudy,0,0,0,0,1
2014,13,"Sunny; Air: 25 °C (77 °F), Track: 37 to 42 °C (99 to 108 °F)",1,0,0,0,0
2014,14,Clear. Air: 28 to 30 °C (82 to 86 °F) Track: 33 to 37 °C (91 to 99 °F).,1,0,0,0,0
2014,15,Rain. Air: 20 °C (68 °F) Track: 24 °C (75 °F),0,0,0,1,0
2014,16,"Fine and dry;21 °C (70 °F) ambient temperature,33 °C (91 °F) track temperature[4]",1,0,1,0,0
2014,17,Sunny,1,0,0,0,0
2014,18,"Sunny, Air: 23 to 24 °C (73 to 75 °F), Track: 46 to 50 °C (115 to 122 °F)",1,0,0,0,0
2014,19,"Clear skies; Air temp: 30 °C (86 °F) during the day, dropping to 24 °C (75.2 °F). Wind speed: 8 km/h (4.9 mph).[2] (Night race)",1,0,0,0,0
2015,6,Partly cloudy18–19 °C (64–66 °F) air temperature31–37 °C (88–99 °F) track temperature1.5 m/s (4.9 ft/s) wind from the west[2],0,0,0,0,1
2015,7,Sunny20–21 °C (68–70 °F) air temperature39 °C (102 °F) track temperature4 m/s (13 ft/s) wind from the north[2],1,0,0,0,0
2015,4,"Sunny, clear24–26 °C (75–79 °F) air temperature28–31 °C (82–88 °F) track temperature1.5 m/s (4.9 ft/s) wind from the north[1]",1,0,0,0,0
2015,5,Sunny25 °C (77 °F) air temperature44 °C (111 °F) track temperature1.8 m/s (5.9 ft/s) wind from the northeast[3],1,0,0,0,0
2015,3,Sunny21 °C (70 °F) air temperature46 °C (115 °F) track temperature1.4 m/s (4.6 ft/s) wind from the northwest[1],1,0,0,0,0
2015,1,Partly cloudy17–18 °C (63–64 °F) air temperature32–37 °C (90–99 °F) track temperature6 m/s (20 ft/s) wind from the south[3],0,0,0,0,1
2015,2,Sunny32–33 °C (90–91 °F) air temperature53–58 °C (127–136 °F) track temperature2 m/s (6.6 ft/s) wind from the south[3],1,0,0,0,0
2015,8,Cloudy14–15 °C (57–59 °F) air temperature27–32 °C (81–90 °F) track temperature2 m/s (6.6 ft/s) wind from the west[2],0,0,0,0,1
2015,9,"Cloudy, rain at times17–20 °C (63–68 °F) air temperature24–32 °C (75–90 °F) track temperature2.5 m/s (8.2 ft/s) wind from the east[2]",0,0,0,1,1
2015,10,Sunny22–24 °C (72–75 °F) air temperature41–48 °C (106–118 °F) track temperature3.2 m/s (10 ft/s) wind from the east[2],1,0,0,0,0
2015,11,Cloudy23 °C (73 °F) air temperature33–37 °C (91–99 °F) track temperature3.5 m/s (11 ft/s) wind from the northwest[2],0,0,0,0,1
2015,12,Partly cloudy22–23 °C (72–73 °F) air temperature38–39 °C (100–102 °F) track temperature1.5 m/s (4.9 ft/s) wind from changing directions[2],0,0,0,0,1
2015,13,Dry28–29 °C (82–84 °F) air temperature34–36 °C (93–97 °F) track temperature0.5 m/s (1.6 ft/s) wind from the west[2],0,0,1,0,0
2015,14,Partly cloudy27 °C (81 °F) air temperature52–54 °C (126–129 °F) track temperature4.5 m/s (15 ft/s) wind from the east[2],0,0,0,0,1
2015,15,Partly cloudy18 °C (64 °F) air temperature25–27 °C (77–81 °F) track temperature1.5 m/s (4.9 ft/s) wind from the north[2],0,0,0,0,1
2015,16,Very cloudy17 °C (63 °F) air temperature17–20 °C (63–68 °F) track temperature8 m/s (26 ft/s) wind from the south[2],0,0,0,0,1
2015,17,Partly cloudy22–24 °C (72–75 °F) air temperature48–56 °C (118–133 °F) track temperature1.5 m/s (4.9 ft/s) wind from the northwest[2],0,0,0,0,1
2015,18,Dry22–28 °C (72–82 °F) air temperature38–48 °C (100–118 °F) track temperature2.5 m/s (8.2 ft/s) wind from the north[2],0,0,1,0,0
2015,19,Clear25–27 °C (77–81 °F) air temperature28–29 °C (82–84 °F) track temperature1.5 m/s (4.9 ft/s) wind from the south[3],1,0,0,0,0
2016,1,Partly cloudy22–23 °C (72–73 °F) air temperature26–36 °C (79–97 °F) track temperature4 m/s (8.9 mph; 14 km/h) wind from the south[4],0,0,0,0,1
2016,2,Dry21–22 °C (70–72 °F) air temperature26–29 °C (79–84 °F) track temperature2 m/s (6.6 ft/s) wind from the southwest[4],0,0,1,0,0
2016,3,Sunny21 °C (70 °F) air temperature37 °C (99 °F) track temperature4.8 m/s (16 ft/s) wind from the northeast[4],1,0,0,0,0
2016,4,Partly cloudy16 °C (61 °F) air temperature37–41 °C (99–106 °F) track temperature2.5 m/s (8.2 ft/s) wind from the southwest[4],0,0,0,0,1
2016,5,Partly cloudy20–22 °C (68–72 °F) air temperature39–41 °C (102–106 °F) track temperature2 m/s (6.6 ft/s) wind from the north[4],0,0,0,0,1
2016,6,"Rainy at start, dry later17–18 °C (63–64 °F) air temperature20–22 °C (68–72 °F) track temperature2 m/s (6.6 ft/s) wind from the north[4]",0,0,1,1,0
2016,7,Cloudy12 °C (54 °F) air temperature21–23 °C (70–73 °F) track temperature2.5 m/s (8.2 ft/s) wind from the southeast[4],0,0,0,0,1
2016,8,Partly cloudy30–33 °C (86–91 °F) air temperature39–45 °C (102–113 °F) track temperature2.5 m/s (8.2 ft/s) wind from the southeast[4],0,0,0,0,1
2016,9,Cloudy,0,0,0,0,1
2016,10,"Wet at start, dry later",0,0,1,1,0
2016,11,Sunny,1,0,0,0,0
2016,12,Partially cloudy and dry,0,0,1,0,1
2016,13,Partially cloudy and dry,0,0,1,0,1
2016,14,"Sunny, warm",1,0,0,0,0
2016,15,Clear30 °C (86 °F) air temperature34–35 °C (93–95 °F) track temperature1.5 m/s (4.9 ft/s) wind from the east[2],1,0,0,0,0
2016,16,Sunny33 °C (91 °F) air temperature49 °C (120 °F) track temperature2.8 m/s (9.2 ft/s) wind from the west[2],1,0,0,0,0
2016,17,Cloudy,0,0,0,0,1
2016,18,Sunny and hot with temperatures reaching up to 84 °F (29 °C); wind speeds approaching speeds of 9.2 miles per hour (14.8 km/h)[2],1,0,0,0,0
2016,19,Sunny,1,0,0,0,0
2016,20,Rain and 16 °C (60.8 °F),0,0,0,1,0
2016,21,Sunny,1,0,0,0,0
2017,1,Partly cloudy24 °C (75 °F) air temperature31–36 °C (88–97 °F) track temperature2 m/s (4.5 mph; 7.2 km/h) wind from the northwest[3],0,0,0,0,1
2017,2,"Light rain at start, drying later.",0,0,1,1,0
2017,3,Clear,1,0,0,0,0
2017,4,Sunny,1,0,0,0,0
2017,5,Sunny,1,0,0,0,0
2017,6,Sunny,1,0,0,0,0
2017,7,Sunny and hot with temperatures reaching up to 29 °C (84 °F); wind speeds reaching 12.9 kilometres per hour (8.0 mph)[4],1,0,0,0,0
2017,8,Sunny,1,0,0,0,0
2017,9,Partly cloudy,0,0,0,0,1
2017,10,Overcast,0,0,0,0,1
2017,11,Sunny,1,0,0,0,0
2017,12,Partially cloudy and dry,0,0,1,0,1
2017,13,Sunny,1,0,0,0,0
2017,14,"Wet at start, then drying. Air temperature: 28°C (82°F)",0,0,1,1,0
2017,15,Cloudy,0,0,0,0,1
2017,16,Sunny,1,0,0,0,0
2017,17,Sunny with temperatures reaching up to 82.9 °F (28.3 °C); wind speeds approaching speeds of 13.8 miles per hour (22.2 km/h)[4],1,0,0,0,0
2017,18,"Sunny, dry",1,0,1,0,0
2017,19,Sunny,1,0,0,0,0
2017,20,Clear,1,0,0,0,0
2018,1,Sunny,1,0,0,0,0
2018,2,Clear,1,0,0,0,0
2018,3,Sunny,1,0,0,0,0
2018,4,Cloudy,0,0,0,0,1
2018,5,"Partially cloudy and dry, 16°C and cold.",0,1,1,0,1
2018,6,Sunny,1,0,0,0,0
2018,7,Temperatures reaching up to 22.7 °C (72.9 °F); with wind speeds reaching 11.1 kilometres per hour (6.9 mph)[2],0,0,0,0,0
2018,8,"Partially cloudy, warm and dry",1,0,1,0,1
2018,9,Sunny,1,0,0,0,0
2018,10,Sunny 27.0 °C (80.6 °F)[2],1,0,0,0,0
2018,11,Overcast with intermittent rain,0,0,0,1,1
2018,12,Sunny,1,0,0,0,0
2018,13,Cloudy,0,0,0,0,1
2018,14,Sunny,1,0,0,0,0
2018,15,Clear,1,0,0,0,0
2018,16,Cloudy,0,0,0,0,1
2018,17,Partly cloudy,0,0,0,0,1
2018,18,Partly cloudy,0,0,0,0,1
2018,19,Sunny,1,0,0,0,0
2018,20,Cloudy,0,0,0,0,1
2018,21,Clear,1,0,0,0,0
2019,1,Sunny,1,0,0,0,0
2019,2,Clear,1,0,0,0,0
2019,3,Partly cloudy,0,0,0,0,1
2019,4,Mostly sunny,1,0,0,0,0
2019,5,Sunny,1,0,0,0,0
2019,6,Overcast,0,0,0,0,1
2019,7,Temperatures reaching up to 29.6 °C (85.3 °F); wind speeds negligible[2],0,0,0,0,0
2019,8,Clear,1,0,0,0,0
2019,9,"Sunny, 36C (97F)",1,0,0,0,0
2019,10,Partly cloudy,0,0,0,0,1
2019,11,"Early rain, Late clouds",0,0,0,1,1
2019,12,Sunny,1,0,0,0,0
2019,13,Partly cloudy,0,0,0,0,1
2019,14,Partly cloudy,0,0,0,0,1
2019,15,Slightly hazy,0,0,0,0,0
2019,16,Partly cloudy,0,0,0,0,1
2019,17,Sunny,1,0,0,0,0
2019,18,Partly cloudy,0,0,0,0,1
2019,19,Sunny,1,0,0,0,0
2019,20,Sunny,1,0,0,0,0
2019,21,Clear,1,0,0,0,0
2020,1,Sunny,1,0,0,0,0
2020,2,Sunny,1,0,0,0,0
2020,3,"Wet at start, partly cloudy",0,0,0,1,1
2020,4,Partly cloudy,0,0,0,0,1
2020,5,Sunny,1,0,0,0,0
2020,6,Partly cloudy,0,0,0,0,1
2020,7,Partly cloudy,0,0,0,0,1
2020,8,Sunny,1,0,0,0,0
2020,9,Sunny,1,0,0,0,0
2020,10,Sunny,1,0,0,0,0
2020,11,"Partly cloudy, 10 °C (50 °F)",0,0,0,0,1
2020,12,Cloudy,0,0,0,0,1
2020,13,Partly cloudy,0,0,0,0,1
2020,14,Overcast. Wet and drying track. Air: 11–14 °C (52–57 °F); Track: 14–17 °C (57–63 °F),0,0,1,1,1
2020,15,Clear,1,0,0,0,0
2020,16,Clear,1,0,0,0,0
2020,17,Clear,1,0,0,0,0
2021,2,"Wet at start, drying during race, 9 °C (48 °F)",0,0,1,1,0
2022,1,Clear,1,0,0,0,0
2021,1,"Clear, 21 °C (70 °F)",1,0,0,0,0
2021,20,Clear,1,0,0,0,0
2021,3,Light cloud,0,0,0,0,1
2021,4,Cloudy,0,0,0,0,1
2021,5,Sunny,1,0,0,0,0
2021,6,Sunny,1,0,0,0,0
2021,8,Partly cloudy. Ambient temperature: 25 to 29 °C (77 to 84 °F); Surface temperature: 48 to 56 °C (118 to 133 °F),0,0,0,0,1
2021,7,Windy and partly cloudy. Ambient temperature: 24 to 27 °C (75 to 81 °F); Surface temperature: 33 to 38 °C (91 to 100 °F),0,0,0,0,1
2021,9,Partly cloudy,0,0,0,0,1
2021,10,Clear. Ambient: 29 to 31 °C (84 to 88 °F); Surface: 48 to 52 °C (118 to 126 °F),1,0,0,0,0
2021,11,Rain and sunny. Ambient: 26 to 29 °C (79 to 84 °F); Surface: 31 to 52 °C (88 to 126 °F).[3],1,0,0,1,0
2021,12,Wet; persistent rain,0,0,0,1,0
2021,13,Sunny,1,0,0,0,0
2021,14,Sunny,1,0,0,0,0
2021,15,Cloudy and rainy,0,0,0,1,1
2021,16,Overcast with intermittent rain,0,0,0,1,1
2021,17,Sunny,1,0,0,0,0
2021,18,Sunny,1,0,0,0,0
2021,19,Sunny,1,0,0,0,0
2021,21,Clear,1,0,0,0,0
2021,22,Clear,1,0,0,0,0
2022,2,Clear,1,0,0,0,0
2022,3,Partly cloudy,0,0,0,0,1
2022,4,Cloudy in a wet and drying track[2],0,0,1,1,1
2022,5,"Warm, partly cloudy",1,0,0,0,1
2022,6,Sunny,1,0,0,0,0
2022,7,Rain and partly cloudy in wet-and-drying track conditions,0,0,1,1,1
2022,8,Sunny,1,0,0,0,0
2022,9,Sunny,1,0,0,0,0
2022,10,Partly cloudy,0,0,0,0,1
2022,11,Partly cloudy,0,0,0,0,1
2022,12,Sunny,1,0,0,0,0
2022,13,"Overcast with drizzle throughout, light rain at the end",0,0,0,1,1
2022,14,Sunny,1,0,0,0,0
2022,15,Partly cloudy,0,0,0,0,1
2022,16,Sunny,1,0,0,0,0
2022,17,Partly cloudy in a wet and drying track,0,0,1,1,1
2022,18,Rain,0,0,0,1,0
2022,19,Partly cloudy,0,0,0,0,1
2022,20,Partly cloudy,0,0,0,0,1
2022,21,Cloudy,0,0,0,0,1
2022,22,Clear,1,0,0,0,0
2023,1,Clear,1,0,0,0,0
2023,2,Clear,1,0,0,0,0
2023,3,Sunny,1,0,0,0,0
2023,4,Partly cloudy,0,0,0,0,1
2023,5,Partly cloudy,0,0,0,0,1
2023,6,"Cloudy, with some rain intervals",0,0,0,1,1
2023,7,Cloudy,0,0,0,0,1
2023,8,Partly cloudy,0,0,0,0,1
2023,9,Cloudy,0,0,0,0,1
2023,10,Partly cloudy,0,0,0,0,1
2023,11,Sunny,1,0,0,0,0
2023,12,"Partly cloudy, with a rain interval",0,0,0,1,1
2023,13,Cloudy and rainy,0,0,0,1,1
2023,14,Sunny,1,0,0,0,0
2023,15,Clear,1,0,0,0,0
2023,16,Sunny,1,0,0,0,0
2023,17,Clear,1,0,0,0,0
2023,18,Sunny,1,0,0,0,0
2023,19,Sunny,1,0,0,0,0
2023,20,Partly cloudy,0,0,0,0,1
2023,21,Clear,1,0,0,0,0
2023,22,Clear,1,0,0,0,0
